Ymd,hhmm,g_n,g_s,a,R_n,R_s,Rr,obs,KN,KS
1976-05-31,21:07,89,-126,0,111,-92,0,19,0,0
1976-06-10,21:07,99,-121,1,109,-92,10,19,0,10
1976-06-20,21:07,107,-114,0,108,-93,29,19,29,0
1976-06-30,21:07,117,-107,0,106,-93,9,10,0,9
1976-07-10,21:07,119,-99,0,105,-93,0,6,0,0
1976-07-20,21:07,128,-97,0,104,-94,0,6,0,0
1976-07-30,21:07,135,-94,0,103,-94,0,10,0,0
1976-08-19,21:07,118,-80,0,100,-95,27,10,0,27
1976-08-29,21:07,117,-66,0,99,-95,8,19,8,0
1976-09-08,21:07,121,-62,0,98,-96,9,19,9,0
1976-09-28,21:07,129,-62,0,97,-96,14,10,7,7
1976-10-08,21:07,122,-67,0,96,-97,0,10,0,0
1976-10-18,21:07,113,-69,0,95,-97,16,19,0,16
1976-11-17,21:07,88,-95,0,93,-98,7,10,7,0
1976-11-27,21:07,86,-107,0,92,-98,9,19,9,0
1976-12-27,21:07,75,-111,0,90,-99,16,6,0,16
1977-01-06,21:07,58,-112,1,90,-99,9,6,9,0
1977-01-16,21:07,52,-97,0,89,-99,13,9,0,13
1977-02-15,21:07,55,-112,0,88,-100,47,10,24,23
1977-03-07,21:07,53,-139,0,88,-100,7,6,7,0
1977-03-17,21:07,62,-134,1,87,-101,8,6,0,8
1977-04-06,21:07,61,-132,1,87,-101,7,6,7,0
1977-04-16,21:07,60,-136,0,87,-102,19,9,0,19
1977-04-26,21:07,69,-124,0,87,-102,9,19,0,9
1977-05-06,21:07,76,-115,1,86,-103,22,10,22,0
1977-05-16,21:07,84,-119,0,86,-103,21,10,0,21
1977-05-26,21:07,93,-123,1,86,-104,7,10,7,0
1977-06-05,21:07,98,-116,0,86,-104,41,6,19,22
1977-06-15,21:07,96,-109,0,86,-105,9,10,0,9
1977-06-25,21:07,104,-103,1,86,-106,75,10,47,28
1977-07-25,21:07,112,-84,2,86,-107,38,10,25,13
1977-08-04,21:07,113,-82,0,86,-108,11,10,11,0
1977-08-14,21:07,115,-66,1,86,-109,55,10,55,0
1977-08-24,21:07,107,-67,1,86,-109,22,10,9,13
1977-09-03,21:07,110,-67,0,86,-110,30,6,30,0
1977-09-13,21:07,109,-71,0,87,-110,55,19,55,0
1977-10-03,21:07,113,-71,2,87,-111,73,19,63,10
1977-10-13,21:07,117,-68,2,87,-111,60,10,54,6
1977-10-23,21:07,115,-72,0,87,-112,27,10,0,27
1977-11-02,21:07,108,-82,1,88,-112,37,10,25,12
1977-11-12,21:07,106,-92,0,88,-112,40,19,19,21
1977-11-22,21:07,106,-95,1,88,-112,26,10,26,0
1977-12-02,21:07,104,-103,1,88,-112,20,10,7,13
1977-12-22,21:07,80,-118,1,89,-111,21,10,21,0
1978-01-01,21:07,56,-129,3,89,-111,110,6,55,55
1978-01-31,21:07,52,-146,2,89,-110,119,6,65,54
1978-03-02,21:07,50,-158,1,89,-107,104,10,65,39
1978-03-12,21:07,49,-157,2,89,-107,115,6,67,48
1978-03-22,21:07,54,-157,2,89,-106,108,10,61,47
1978-04-01,21:07,55,-149,2,88,-105,69,19,45,24
1978-04-11,21:07,50,-151,3,88,-104,136,10,72,64
1978-05-31,21:07,86,-112,4,85,-98,117,19,66,51
1978-06-20,21:07,99,-93,4,84,-95,140,10,95,45
1978-06-30,21:07,104,-70,3,83,-94,99,10,69,30
1978-07-10,21:07,115,-71,2,82,-92,100,10,53,47
1978-07-20,21:07,114,-58,1,81,-91,65,10,40,25
1978-07-30,21:07,109,-46,1,80,-89,34,19,25,9
1978-08-09,21:07,114,-42,2,79,-88,54,10,16,38
1978-08-19,21:07,118,-47,1,78,-86,34,19,18,16
1978-08-29,21:07,117,-42,3,77,-85,65,10,40,25
1978-09-08,21:07,113,-36,1,76,-84,139,9,53,86
1978-09-18,21:07,117,-34,0,75,-82,97,9,53,44
1978-10-08,21:07,105,-32,1,73,-79,91,6,29,62
1978-10-28,21:07,106,-44,1,70,-76,133,19,63,70
1978-11-07,21:07,107,-46,0,69,-75,90,10,20,70
1978-11-17,21:07,84,-49,3,68,-73,89,10,31,58
1978-12-07,21:07,65,-64,1,66,-70,142,10,33,109
1978-12-27,21:07,46,-74,1,64,-68,117,6,63,54
1979-01-06,21:07,42,-95,0,63,-66,186,6,69,117
1979-01-16,21:07,14,-102,0,62,-65,193,10,104,89
1979-01-26,21:07,13,-89,3,60,-63,225,19,89,136
1979-02-25,21:07,-9,-99,2,57,-59,107,19,31,76
1979-03-07,21:07,-6,-98,2,55,-58,161,10,68,93
1979-03-17,21:07,-0,-106,1,54,-57,122,10,53,69
1979-04-16,21:07,-3,-83,3,50,-53,127,10,104,23
1979-04-26,21:07,-2,-78,2,49,-52,100,19,61,39
1979-05-06,21:07,-1,-67,2,47,-51,123,6,80,43
1979-05-16,21:07,27,-63,0,46,-50,168,10,111,57
1979-05-26,21:07,37,-64,0,44,-48,96,9,44,52
1979-06-05,21:07,43,-55,1,43,-47,165,10,104,61
1979-06-25,21:07,77,-47,5,40,-45,121,10,60,61
1979-07-05,21:07,82,-37,2,38,-43,185,10,146,39
1979-07-15,21:07,91,-29,2,36,-42,102,6,65,37
1979-07-25,21:07,99,-15,2,34,-41,153,10,66,87
1979-08-14,21:07,82,-20,2,30,-38,84,10,52,32
1979-09-03,21:07,70,14,1,26,-36,123,10,91,32
1979-09-13,21:07,66,1,2,23,-34,167,19,128,39
1979-11-12,21:07,46,19,2,8,-25,195,10,90,105
1979-12-02,21:07,-6,3,1,2,-22,100,9,18,82
1980-01-01,21:07,-34,-17,5,-8,-18,150,6,39,111
1980-03-01,21:07,-68,-43,5,-26,-9,180,19,80,100
1980-03-11,21:07,-94,-46,0,-29,-7,47,9,7,40
1980-03-31,21:07,-66,-41,1,-35,-4,138,10,91,47
1980-04-10,21:07,-44,-32,0,-37,-2,136,10,81,55
1980-05-20,21:07,-65,-20,4,-46,5,211,10,81,130
1980-05-30,21:07,-48,-8,1,-48,7,138,10,43,95
1980-06-19,21:07,-41,12,1,-51,11,127,10,48,79
1980-06-29,21:07,-47,15,0,-52,13,106,19,43,63
1980-07-19,21:07,-30,33,2,-54,18,203,19,82,121
1980-07-29,21:07,-39,38,1,-55,20,86,10,41,45
1980-08-08,21:07,-28,42,2,-56,22,84,10,39,45
1980-08-18,21:07,-22,43,2,-56,24,186,10,131,55
1980-09-07,21:07,-48,51,1,-56,29,102,9,74,28
1980-09-17,21:07,-41,57,3,-56,31,88,19,25,63
1980-09-27,21:07,-53,63,4,-56,34,158,19,92,66
1980-10-07,21:07,-57,61,3,-56,36,110,10,63,47
1980-10-27,21:07,-58,52,0,-54,41,105,10,38,67
1980-11-26,21:07,-76,57,2,-52,47,112,9,72,40
1980-12-06,21:07,-80,56,0,-51,49,62,6,24,38
1981-01-25,21:07,-40,32,4,-47,57,109,9,40,69
1981-02-14,21:07,-34,35,2,-45,60,121,10,90,31
1981-03-06,21:07,-26,30,2,-44,62,145,6,65,80
1981-03-26,21:07,-21,57,2,-43,63,126,10,91,35
1981-04-15,21:07,-21,59,4,-42,65,235,19,168,67
1981-05-05,21:07,-19,70,1,-41,65,177,6,136,41
1981-05-15,21:07,-32,79,1,-41,65,121,10,94,27
1981-06-14,21:07,-32,97,1,-41,65,93,10,37,56
1981-07-04,21:07,-51,95,5,-41,64,153,19,50,103
1981-07-24,21:07,-53,73,2,-42,63,166,10,57,109
1981-08-03,21:07,-56,67,2,-42,62,130,10,85,45
1981-08-13,21:07,-61,60,4,-43,62,124,10,33,91
1981-08-23,21:07,-60,55,3,-44,61,234,19,76,158
1981-09-02,21:07,-49,51,3,-44,60,159,10,71,88
1981-09-12,21:07,-50,40,2,-45,59,149,10,103,46
1981-09-22,21:07,-56,39,4,-46,59,175,19,100,75
1981-10-02,21:07,-56,35,2,-47,58,178,19,99,79
1981-11-01,21:07,-65,52,3,-50,55,164,10,81,83
1981-11-11,21:07,-60,64,3,-51,54,164,10,91,73
1981-11-21,21:07,-57,52,0,-52,54,52,9,27,25
1981-12-21,21:07,-50,55,1,-56,51,52,9,9,43
1981-12-31,21:07,-63,67,6,-57,51,131,10,64,67
1982-01-20,21:07,-54,52,2,-60,49,117,10,56,61
1982-01-30,21:07,-43,39,2,-62,49,243,10,104,139
1982-02-09,21:07,-41,35,6,-63,48,201,10,58,143
1982-03-01,21:07,-43,36,3,-66,47,175,10,72,103
1982-04-20,21:07,-65,67,1,-72,46,86,10,45,41
1982-05-20,21:07,-80,61,5,-75,47,98,10,62,36
1982-05-30,21:07,-76,51,2,-76,47,74,9,8,66
1982-06-09,21:07,-86,51,2,-77,47,154,19,41,113
1982-07-09,21:07,-89,27,1,-79,49,48,10,27,21
1982-07-29,21:07,-96,37,0,-80,50,21,6,11,11
1982-08-08,21:07,-95,33,3,-81,51,171,19,97,74
1982-08-18,21:07,-102,30,3,-82,52,97,10,46,51
1982-09-07,21:07,-104,23,1,-83,53,96,10,55,41
1982-09-17,21:07,-105,37,1,-83,54,113,9,64,49
1982-09-27,21:07,-109,53,3,-83,55,143,19,68,75
1982-10-07,21:07,-111,57,0,-84,56,41,19,26,15
1982-10-27,21:07,-112,59,1,-85,58,135,10,61,74
1982-11-26,21:07,-99,78,1,-87,61,51,10,18,33
1982-12-06,21:07,-89,98,4,-87,63,159,10,81,78
1982-12-26,21:07,-74,88,1,-88,65,114,10,32,82
1983-01-15,21:07,-59,98,0,-90,67,75,9,39,36
1983-01-25,21:07,-50,88,2,-90,68,75,6,36,39
1983-02-04,21:07,-63,85,3,-91,69,104,10,10,94
1983-02-24,21:07,-85,89,0,-92,71,37,9,20,17
1983-04-25,21:07,-50,54,3,-96,78,116,10,44,72
1983-05-05,21:07,-57,50,2,-97,79,97,19,21,76
1983-05-15,21:07,-82,90,1,-98,81,122,19,31,91
1983-06-04,21:07,-102,110,0,-99,83,73,9,0,73
1983-06-14,21:07,-117,93,1,-100,85,97,19,28,69
1983-06-24,21:07,-122,96,5,-100,86,138,19,92,46
1983-07-04,21:07,-129,100,1,-101,88,83,19,0,83
1983-07-14,21:07,-130,103,0,-102,89,87,10,40,47
1983-07-24,21:07,-144,94,2,-102,90,90,10,48,42
1983-08-23,21:07,-153,74,1,-104,95,37,10,20,17
1983-09-22,21:07,-149,59,2,-105,99,35,19,0,35
1983-10-02,21:07,-137,71,1,-106,100,38,9,20,18
1983-10-12,21:07,-137,75,0,-106,101,102,9,59,43
1983-10-22,21:07,-133,86,2,-107,103,16,9,0,16
1983-11-01,21:07,-134,82,1,-107,104,12,6,0,12
1983-11-11,21:07,-117,98,1,-108,105,48,9,9,39
1983-11-21,21:07,-115,111,0,-108,106,0,6,0,0
1983-12-01,21:07,-117,120,1,-108,108,27,19,27,0
1983-12-31,21:07,-88,124,1,-109,111,9,6,9,0
1984-01-10,21:07,-84,126,0,-110,112,41,19,0,41
1984-01-20,21:07,-80,134,0,-110,113,67,19,0,67
1984-01-30,21:07,-70,139,1,-110,114,104,6,104,0
1984-02-09,21:07,-70,144,0,-110,115,111,14,14,97
1984-03-10,21:07,-69,141,2,-110,118,62,19,0,62
1984-03-20,21:07,-70,146,5,-111,119,104,6,73,31
1984-04-09,21:07,-71,143,3,-111,122,26,19,9,17
1984-04-19,21:07,-86,136,0,-111,123,85,6,40,45
1984-04-29,21:07,-87,135,0,-110,124,84,14,0,84
1984-05-09,21:07,-87,129,0,-110,125,69,6,59,10
1984-05-19,21:07,-96,123,1,-110,126,54,6,0,54
1984-06-08,21:07,-117,119,2,-110,128,32,14,24,8
1984-06-18,21:07,-116,117,2,-110,129,61,19,22,39
1984-07-08,21:07,-138,123,0,-110,131,65,14,31,34
1984-07-18,21:07,-141,124,2,-110,133,26,3,0,26
1984-07-28,21:07,-141,120,0,-110,134,8,6,0,8
1984-08-17,21:07,-148,102,1,-110,136,16,19,8,8
1984-08-27,21:07,-156,95,0,-110,137,27,6,0,27
1984-09-06,21:07,-156,93,1,-110,138,24,6,16,8
1984-09-26,21:07,-156,109,0,-110,140,0,3,0,0
1984-10-06,21:07,-157,109,0,-110,140,0,3,0,0
1984-10-16,21:07,-132,117,0,-110,141,15,19,15,0
1984-11-05,21:07,-124,128,0,-110,143,0,3,0,0
1984-11-25,21:07,-119,139,0,-111,144,41,6,7,34
1984-12-05,21:07,-103,142,0,-111,145,8,3,8,0
1984-12-15,21:07,-97,152,0,-111,145,20,6,10,10
1984-12-25,21:07,-95,156,1,-111,146,10,14,0,10
1985-01-04,21:07,-94,163,0,-111,146,0,3,0,0
1985-02-03,21:07,-67,192,0,-112,148,23,3,10,13
1985-02-13,21:07,-61,188,1,-112,148,18,14,0,18
1985-02-23,21:07,-64,184,0,-112,148,15,19,15,0
1985-03-05,21:07,-66,184,0,-112,148,0,3,0,0
1985-03-25,21:07,-70,178,1,-112,149,23,14,14,9
1985-04-04,21:07,-72,176,0,-112,149,10,6,0,10
1985-05-04,21:07,-94,171,3,-112,149,21,6,21,0
1985-05-14,21:07,-99,164,0,-112,149,28,3,0,28
1985-05-24,21:07,-107,166,0,-112,149,18,6,11,7
1985-06-03,21:07,-115,159,0,-112,149,0,19,0,0
1985-06-23,21:07,-124,147,1,-112,149,9,3,0,9
1985-07-03,21:07,-133,139,0,-112,149,23,6,0,23
1985-07-13,21:07,-136,129,0,-112,149,21,6,10,11
1985-07-23,21:07,-142,122,2,-112,149,15,3,0,15
1985-08-12,21:07,-154,107,0,-112,149,0,14,0,0
1985-08-22,21:07,-154,99,0,-112,148,0,6,0,0
1985-09-01,21:07,-161,96,0,-112,148,0,3,0,0
1985-09-11,21:07,-161,92,0,-112,148,0,3,0,0
1985-09-21,21:07,-156,96,1,-112,148,7,19,0,7
1985-10-01,21:07,-146,99,0,-112,148,0,6,0,0
1985-10-11,21:07,-153,103,0,-112,147,0,19,0,0
1985-11-30,21:07,-96,142,0,-113,146,0,14,0,0
1985-12-10,21:07,-94,154,0,-113,146,10,19,10,0
1985-12-20,21:07,-95,153,0,-113,146,13,14,0,13
1986-01-09,21:07,-73,176,0,-113,145,0,19,0,0
1986-01-19,21:07,-70,182,0,-114,145,0,19,0,0
1986-01-29,21:07,-76,169,0,-114,145,0,14,0,0
1986-02-18,21:07,-80,186,0,-114,144,0,6,0,0
1986-02-28,21:07,-79,192,0,-114,144,0,19,0,0
1986-03-20,21:07,-77,184,0,-114,144,9,3,0,9
1986-03-30,21:07,-82,182,0,-114,143,0,6,0,0
1986-04-09,21:07,-89,183,0,-114,143,0,19,0,0
1986-04-19,21:07,-93,173,0,-114,143,8,6,8,0
1986-04-29,21:07,-94,174,0,-114,143,21,3,21,0
1986-05-09,21:07,-101,170,0,-114,143,0,14,0,0
1986-05-19,21:07,-107,169,0,-114,143,19,6,19,0
1986-05-29,21:07,-115,166,0,-114,143,9,19,0,9
1986-06-08,21:07,-124,152,0,-114,143,0,3,0,0
1986-06-18,21:07,-128,141,0,-114,143,0,19,0,0
1986-06-28,21:07,-133,128,0,-114,143,0,19,0,0
1986-07-08,21:07,-128,130,0,-114,143,19,14,19,0
1986-07-18,21:07,-137,120,1,-114,142,20,6,10,10
1986-07-28,21:07,-146,95,0,-114,142,8,3,8,0
1986-08-07,21:07,-143,91,0,-114,142,9,6,9,0
1986-08-17,21:07,-132,82,1,-114,142,7,19,7,0
1986-09-06,21:07,-137,91,0,-114,141,11,6,11,0
1986-09-16,21:07,-147,95,0,-114,141,0,19,0,0
1986-10-06,21:07,-153,99,1,-115,140,20,14,20,0
1986-10-16,21:07,-146,101,0,-115,140,0,19,0,0
1986-11-05,21:07,-139,112,0,-116,139,32,3,32,0
1986-11-15,21:07,-136,120,0,-116,138,11,6,11,0
1986-11-25,21:07,-127,134,0,-116,138,0,19,0,0
1986-12-05,21:07,-123,137,0,-116,137,0,14,0,0
1986-12-25,21:07,-102,146,0,-117,136,0,19,0,0
1987-01-04,21:07,-93,150,1,-117,135,12,14,12,0
1987-01-24,21:07,-83,159,0,-117,133,12,19,0,12
1987-02-03,21:07,-77,167,0,-117,133,0,14,0,0
1987-02-23,21:07,-80,171,0,-117,131,0,6,0,0
1987-03-05,21:07,-76,184,1,-117,130,20,19,20,0
1987-03-15,21:07,-83,184,1,-117,130,16,3,0,16
1987-03-25,21:07,-79,184,0,-117,129,20,6,20,0
1987-04-04,21:07,-88,169,1,-117,128,14,19,7,7
1987-04-14,21:07,-89,161,0,-117,127,52,14,8,44
1987-04-24,21:07,-98,159,2,-117,127,37,14,29,8
1987-05-14,21:07,-102,159,1,-116,125,15,14,7,8
1987-05-24,21:07,-114,138,0,-116,124,25,6,25,0
1987-06-03,21:07,-118,134,0,-115,123,0,19,0,0
1987-06-13,21:07,-121,124,2,-115,123,13,14,6,7
1987-06-23,21:07,-127,125,0,-114,122,29,3,20,9
1987-07-03,21:07,-134,106,0,-114,121,0,19,0,0
1987-07-13,21:07,-138,100,0,-114,120,0,14,0,0
1987-07-23,21:07,-135,92,2,-113,119,84,3,15,69
1987-08-02,21:07,-144,74,1,-113,118,39,14,28,11
1987-08-22,21:07,-138,75,1,-112,116,28,3,10,18
1987-09-01,21:07,-139,60,3,-112,115,34,6,0,34
1987-09-11,21:07,-144,55,0,-112,114,53,6,12,41
1987-09-21,21:07,-144,55,1,-111,113,25,19,7,18
1987-10-01,21:07,-143,60,1,-111,112,20,19,11,9
1987-10-21,21:07,-142,56,1,-110,110,44,19,15,29
1987-11-10,21:07,-131,76,2,-110,107,27,6,18,9
1987-12-10,21:07,-104,102,0,-109,104,20,3,0,20
1987-12-20,21:07,-92,91,0,-108,103,9,6,0,9
1987-12-30,21:07,-80,113,0,-108,102,40,6,0,40
1988-01-09,21:07,-62,146,1,-107,101,53,3,27,26
1988-01-19,21:07,-63,156,0,-107,99,58,19,0,58
1988-02-18,21:07,-66,143,2,-104,96,47,3,17,30
1988-02-28,21:07,-62,149,3,-103,95,42,19,26,16
1988-03-09,21:07,-65,143,1,-103,94,34,3,34,0
1988-03-19,21:07,-63,144,0,-101,93,81,19,29,52
1988-03-29,21:07,-64,137,0,-100,92,94,3,52,42
1988-04-08,21:07,-61,135,2,-99,91,71,19,54,17
1988-04-18,21:07,-66,106,2,-98,90,100,3,68,32
1988-05-18,21:07,-87,111,3,-94,88,38,19,25,13
1988-05-28,21:07,-105,92,0,-92,87,67,6,9,58
1988-06-07,21:07,-111,81,1,-90,86,125,19,66,59
1988-06-27,21:07,-109,76,1,-87,85,95,18,38,57
1988-07-07,21:07,-104,50,1,-85,84,82,3,51,31
1988-07-17,21:07,-100,44,2,-83,83,90,6,26,64
1988-07-27,21:07,-104,44,3,-81,82,89,18,43,46
1988-08-06,21:07,-119,39,2,-79,81,126,6,84,42
1988-08-16,21:07,-112,25,1,-77,80,83,3,67,16
1988-08-26,21:07,-116,16,2,-75,79,83,18,62,21
1988-09-05,21:07,-115,28,2,-73,79,139,6,65,74
1988-09-25,21:07,-112,43,2,-69,77,125,19,95,30
1988-10-15,21:07,-101,53,5,-65,75,103,6,63,40
1988-10-25,21:07,-102,58,0,-63,74,91,6,61,30
1988-11-04,21:07,-99,57,5,-61,72,103,18,64,39
1988-11-24,21:07,-65,67,3,-57,70,104,3,61,43
1988-12-14,21:07,-58,62,1,-53,68,162,19,83,79
1988-12-24,21:07,-16,68,3,-51,66,204,6,155,49
1989-01-03,21:07,3,72,2,-50,65,156,18,58,98
1989-01-13,21:07,26,78,3,-48,64,175,19,59,116
1989-01-23,21:07,6,94,3,-46,62,167,6,117,50
1989-02-02,21:07,12,105,2,-44,61,144,6,43,101
1989-02-12,21:07,-2,99,2,-43,59,206,3,133,73
1989-03-04,21:07,-17,94,3,-40,56,99,6,65,34
1989-03-24,21:07,19,88,4,-37,53,178,19,115,63
1989-04-23,21:07,35,98,2,-33,48,118,19,64,54
1989-05-03,21:07,7,80,0,-32,46,71,3,37,34
1989-05-13,21:07,-6,69,3,-30,44,132,18,83,49
1989-05-23,21:07,-34,72,3,-29,42,178,3,58,120
1989-06-12,21:07,-39,23,2,-27,38,217,3,107,110
1989-06-22,21:07,-40,27,5,-26,36,174,19,92,82
1989-07-02,21:07,-42,29,1,-25,34,122,19,72,50
1989-07-12,21:07,-66,23,4,-24,32,137,6,84,53
1989-07-22,21:07,-71,20,0,-23,30,184,6,75,109
1989-08-01,21:07,-74,10,7,-22,28,174,6,40,134
1989-08-11,21:07,-66,3,4,-21,26,194,18,75,119
1989-08-21,21:07,-68,-12,5,-20,24,197,19,151,46
1989-08-31,21:07,-86,-14,0,-19,22,94,6,30,64
1989-09-10,21:07,-79,-18,3,-18,20,266,6,199,67
1989-09-20,21:07,-66,-24,4,-17,18,152,6,59,93
1989-09-30,21:07,-39,-14,0,-16,17,128,18,58,70
1989-10-10,21:07,-42,-6,5,-15,15,167,3,128,39
1989-10-20,21:07,-20,-3,4,-13,13,164,6,16,148
1989-11-19,21:07,-43,-15,4,-9,9,165,6,66,99
1989-11-29,21:07,-25,-10,4,-8,7,199,3,84,115
1989-12-09,21:07,-7,13,2,-6,6,132,18,75,57
1989-12-29,21:07,32,4,5,-3,4,231,6,73,158
1990-01-08,21:07,42,6,4,-1,4,165,6,62,103
1990-02-07,21:07,57,29,0,4,3,66,6,34,32
1990-02-17,21:07,71,34,3,6,2,57,18,31,26
1990-03-09,21:07,14,20,1,10,3,71,3,29,42
1990-03-19,21:07,-12,7,6,11,3,220,18,87,133
1990-03-29,21:07,1,9,4,13,3,148,19,40,108
1990-04-28,21:07,33,18,0,19,5,97,19,57,40
1990-05-08,21:07,36,23,3,20,6,153,19,78,75
1990-05-18,21:07,45,27,3,22,7,164,18,66,98
1990-05-28,21:07,20,22,0,24,8,100,18,54,46
1990-06-17,21:07,38,16,4,26,10,121,18,40,81
1990-06-27,21:07,19,0,2,28,11,126,19,39,87
1990-07-07,21:07,11,-21,3,29,12,170,6,84,86
1990-07-17,21:07,4,-12,3,30,13,71,18,48,23
1990-07-27,21:07,19,-17,1,31,14,165,6,78,87
1990-08-06,21:07,14,3,0,32,15,106,6,60,46
1990-08-16,21:07,19,14,2,33,16,191,19,126,65
1990-08-26,21:07,24,23,3,34,17,235,3,71,164
1990-09-15,21:07,22,-0,2,36,18,158,3,71,87
1990-09-25,21:07,22,-7,2,37,18,83,19,28,55
1990-10-15,21:07,40,11,3,38,19,216,3,98,118
1990-10-25,21:07,52,11,4,39,19,139,6,87,52
1990-11-04,21:07,48,-4,3,39,19,129,19,42,87
1990-11-14,21:07,57,-6,1,40,19,126,19,72,54
1990-11-24,21:07,46,-13,2,40,18,115,6,42,73
1990-12-14,21:07,51,14,1,41,17,99,19,91,8
1990-12-24,21:07,46,22,3,42,16,123,6,28,95
1991-01-03,21:07,51,28,2,43,15,109,3,25,84
1991-01-23,21:07,43,43,4,44,13,163,6,37,126
1991-02-02,21:07,43,24,2,45,11,208,3,58,150
1991-02-22,21:07,47,39,7,47,8,214,18,60,154
1991-03-04,21:07,48,42,2,48,6,59,6,43,16
1991-03-14,21:07,52,32,2,49,4,160,19,7,153
1991-03-24,21:07,35,15,5,50,2,165,18,24,141
1991-04-03,21:07,33,8,0,51,-1,96,19,53,43
1991-05-13,21:07,45,6,1,56,-11,98,18,61,37
1991-05-23,21:07,50,2,6,57,-14,122,6,54,68
1991-06-02,21:07,52,-3,3,58,-17,178,3,104,74
1991-06-12,21:07,57,-10,5,60,-20,237,6,101,136
1991-06-22,21:07,63,-22,3,61,-23,123,3,40,83
1991-07-02,21:07,74,-24,1,62,-26,183,18,130,53
1991-07-12,21:07,73,-38,3,64,-29,147,3,45,102
1991-07-22,21:07,75,-44,5,65,-32,176,19,65,111
1991-08-01,21:07,70,-57,2,67,-35,120,18,80,40
1991-08-11,21:07,77,-57,2,68,-38,83,3,43,40
1991-08-21,21:07,72,-53,3,70,-41,351,6,122,229
1991-08-31,21:07,76,-70,3,71,-43,211,19,102,109
1991-09-10,21:07,72,-81,0,73,-46,109,3,30,79
1991-09-20,21:07,66,-82,1,74,-49,66,19,45,21
1991-10-10,21:07,74,-85,1,77,-55,129,19,71,58
1991-10-30,21:07,86,-84,2,80,-60,199,18,50,149
1991-11-09,21:07,82,-80,6,82,-63,165,19,78,87
1991-11-29,21:07,96,-66,5,85,-67,129,6,27,102
1991-12-09,21:07,98,-70,5,86,-70,232,19,104,128
1991-12-19,21:07,112,-82,5,87,-72,152,18,30,122
1991-12-29,21:07,102,-69,4,89,-74,186,19,0,186
1992-01-08,21:07,100,-72,1,90,-76,193,3,91,102
1992-01-18,21:07,102,-67,1,91,-78,69,18,20,49
1992-01-28,21:07,82,-71,1,92,-80,175,19,61,114
1992-02-17,21:07,66,-90,3,94,-84,102,18,37,65
1992-02-27,21:07,67,-87,3,95,-85,207,3,118,89
1992-03-08,21:07,78,-82,1,96,-87,103,6,24,79
1992-03-18,21:07,92,-75,1,96,-89,74,18,18,56
1992-04-17,21:07,83,-77,4,98,-94,148,6,38,110
1992-04-27,21:07,76,-83,2,98,-96,105,3,55,50
1992-05-07,21:07,85,-93,3,98,-97,71,19,15,56
1992-05-17,21:07,92,-91,0,98,-99,39,6,0,39
1992-05-27,21:07,101,-99,5,98,-101,73,6,48,25
1992-06-06,21:07,101,-94,2,98,-103,82,19,64,18
1992-06-16,21:07,99,-95,3,97,-104,86,18,38,48
1992-06-26,21:07,108,-87,2,97,-106,46,19,37,9
1992-07-06,21:07,108,-74,2,97,-108,96,18,71,25
1992-07-16,21:07,111,-94,2,96,-109,153,18,72,81
1992-07-26,21:07,109,-103,3,96,-111,52,3,28,24
1992-08-05,21:07,107,-115,2,95,-113,105,18,34,71
1992-08-15,21:07,98,-116,1,94,-114,88,6,60,28
1992-08-25,21:07,101,-107,1,93,-116,28,3,19,9
1992-09-14,21:07,125,-112,0,92,-119,73,3,45,28
1992-10-14,21:07,114,-121,2,89,-123,58,3,22,36
1992-10-24,21:07,105,-121,1,88,-124,112,19,56,56
1992-11-03,21:07,102,-112,0,87,-125,72,18,16,56
1992-11-23,21:07,94,-117,3,85,-127,111,19,9,102
1992-12-13,21:07,71,-135,1,84,-128,122,6,9,113
1992-12-23,21:07,61,-147,1,83,-129,83,18,19,64
1993-01-12,21:07,47,-144,1,81,-130,97,3,31,66
1993-01-22,21:07,56,-142,1,81,-130,37,19,9,28
1993-02-01,21:07,54,-145,0,80,-130,19,18,0,19
1993-02-11,21:07,61,-153,2,79,-130,122,3,55,67
1993-02-21,21:07,49,-167,1,79,-130,96,19,33,63
1993-03-13,21:07,44,-155,0,78,-130,72,6,40,32
1993-03-23,21:07,49,-154,1,77,-129,67,19,21,46
1993-04-02,21:07,51,-153,1,77,-129,66,3,23,43
1993-04-22,21:07,50,-145,1,76,-128,93,18,40,53
1993-05-02,21:07,63,-148,1,76,-128,31,6,20,11
1993-05-12,21:07,72,-143,2,75,-127,108,3,80,28
1993-05-22,21:07,75,-126,0,75,-127,8,19,0,8
1993-06-01,21:07,80,-122,0,75,-127,105,3,90,15
1993-06-11,21:07,84,-106,0,75,-126,33,19,19,14
1993-06-21,21:07,91,-117,1,75,-126,23,18,7,16
1993-07-01,21:07,92,-112,0,74,-125,59,6,0,59
1993-07-11,21:07,108,-110,2,74,-125,49,19,30,19
1993-07-31,21:07,98,-99,0,74,-124,33,6,24,9
1993-08-10,21:07,99,-99,2,74,-124,66,19,66,0
1993-08-20,21:07,102,-93,0,74,-124,21,3,0,21
1993-08-30,21:07,102,-89,1,75,-123,32,6,32,0
1993-09-09,21:07,103,-81,2,75,-123,26,18,26,0
1993-10-09,21:07,101,-92,0,75,-123,65,19,12,53
1993-10-29,21:07,86,-89,1,76,-123,20,3,12,8
1993-12-08,21:07,66,-114,1,77,-123,68,19,0,68
1993-12-18,21:07,58,-117,0,77,-123,26,3,26,0
1993-12-28,21:07,60,-132,0,78,-123,59,19,59,0
1994-01-17,21:07,66,-163,0,78,-123,24,18,24,0
1994-01-27,21:07,61,-160,1,79,-123,54,3,45,9
1994-02-16,21:07,52,-160,0,79,-124,32,6,32,0
1994-02-26,21:07,54,-157,1,80,-124,28,18,12,16
1994-03-08,21:07,52,-157,1,80,-124,38,19,13,25
1994-03-18,21:07,52,-159,0,80,-124,19,18,19,0
1994-03-28,21:07,53,-161,1,80,-124,25,19,9,16
1994-04-07,21:07,63,-172,0,81,-124,0,6,0,0
1994-04-27,21:07,75,-174,2,81,-125,40,18,31,9
1994-05-07,21:07,82,-154,0,81,-125,15,6,0,15
1994-05-17,21:07,81,-150,2,82,-125,38,3,30,8
1994-05-27,21:07,74,-135,0,82,-125,0,18,0,0
1994-06-06,21:07,80,-131,0,82,-125,0,19,0,0
1994-06-16,21:07,83,-121,1,82,-125,60,18,27,33
1994-06-26,21:07,100,-117,0,82,-125,0,6,0,0
1994-07-06,21:07,92,-90,0,83,-125,31,19,19,12
1994-07-16,21:07,99,-85,0,83,-124,62,18,20,42
1994-07-26,21:07,99,-86,1,83,-124,16,19,8,8
1994-08-05,21:07,107,-97,1,84,-124,25,18,25,0
1994-08-15,21:07,100,-84,0,84,-124,44,19,12,32
1994-09-04,21:07,123,-86,0,84,-123,50,19,18,32
1994-09-24,21:07,117,-78,0,85,-123,16,6,0,16
1994-10-04,21:07,106,-80,0,86,-122,25,6,0,25
1994-10-14,21:07,100,-87,1,86,-122,66,6,66,0
1994-11-03,21:07,101,-91,0,87,-121,43,6,23,20
1994-11-23,21:07,96,-108,1,88,-120,9,18,9,0
1994-12-03,21:07,91,-115,0,88,-120,0,6,0,0
1994-12-13,21:07,86,-124,1,88,-119,41,18,0,41
1995-01-02,21:07,70,-132,0,89,-118,0,6,0,0
1995-01-12,21:07,69,-124,0,90,-118,0,18,0,0
1995-01-22,21:07,75,-164,0,90,-117,53,19,21,32
1995-02-01,21:07,54,-164,1,90,-117,39,3,0,39
1995-02-11,21:07,55,-157,1,91,-116,16,18,16,0
1995-02-21,21:07,49,-149,0,91,-115,47,19,12,35
1995-03-03,21:07,57,-138,2,91,-115,64,3,0,64
1995-03-23,21:07,65,-172,0,92,-114,37,19,15,22
1995-04-02,21:07,73,-156,1,92,-113,23,18,0,23
1995-04-22,21:07,80,-134,0,93,-112,9,6,0,9
1995-05-02,21:07,79,-138,0,93,-112,0,18,0,0
1995-06-11,21:07,108,-114,0,94,-110,20,18,20,0
1995-06-21,21:07,118,-108,0,94,-109,15,19,15,0
1995-07-01,21:07,126,-101,1,94,-108,32,6,32,0
1995-07-11,21:07,126,-80,0,94,-108,18,3,8,10
1995-07-21,21:07,118,-70,1,95,-107,18,18,10,8
1995-07-31,21:07,114,-71,1,95,-106,8,3,8,0
1995-08-10,21:07,106,-75,1,95,-106,9,19,9,0
1995-08-30,21:07,125,-71,0,96,-104,14,18,14,0
1995-09-09,21:07,122,-70,0,96,-104,0,3,0,0
1995-09-29,21:07,113,-75,1,96,-102,9,19,9,0
1995-10-09,21:07,113,-75,0,97,-101,23,18,12,11
1995-10-19,21:07,112,-80,0,97,-100,20,3,0,20
1995-10-29,21:07,111,-75,0,97,-99,10,19,10,0
1995-11-08,21:07,111,-78,0,98,-98,10,6,0,10
1995-12-08,21:07,88,-96,0,99,-96,9,6,0,9
1995-12-28,21:07,56,-139,2,99,-94,17,6,8,9
1996-01-17,21:07,97,-125,0,100,-92,0,19,0,0
1996-02-26,21:07,56,-120,1,100,-89,20,18,20,0
1996-03-17,21:07,75,-133,0,101,-88,8,19,0,8
1996-03-27,21:07,73,-129,0,101,-88,20,6,20,0
1996-04-06,21:07,74,-130,0,101,-87,0,19,0,0
1996-04-16,21:07,108,-106,0,101,-87,0,3,0,0
1996-05-06,21:07,105,-102,0,101,-86,18,3,10,8
1996-05-16,21:07,89,-99,0,101,-86,10,19,0,10
1996-05-26,21:07,95,-82,0,101,-86,0,6,0,0
1996-06-05,21:07,103,-80,0,101,-86,20,3,20,0
1996-06-15,21:07,112,-76,0,101,-86,0,18,0,0
1996-07-05,21:07,111,-73,1,101,-85,8,18,0,8
1996-07-15,21:07,108,-67,0,100,-85,0,19,0,0
1996-07-25,21:07,119,-60,0,100,-85,0,3,0,0
1996-08-14,21:07,123,-60,0,100,-85,19,3,19,0
1996-08-24,21:07,114,-57,1,100,-85,17,6,8,9
1996-09-13,21:07,117,-51,0,100,-85,0,3,0,0
1996-10-13,21:07,135,-65,0,100,-85,0,3,0,0
1996-10-23,21:07,137,-68,0,100,-85,0,19,0,0
1996-11-02,21:07,134,-59,0,100,-85,0,18,0,0
1996-12-12,21:07,84,-87,0,100,-85,24,3,8,16
1997-01-01,21:07,74,-87,0,100,-84,0,6,0,0
1997-01-31,21:07,57,-103,1,100,-84,11,18,11,0
1997-02-10,21:07,61,-108,0,100,-84,0,3,0,0
1997-02-20,21:07,76,-114,0,100,-84,0,19,0,0
1997-03-02,21:07,78,-127,0,99,-83,0,3,0,0
1997-03-12,21:07,78,-136,0,99,-83,13,18,13,0
1997-03-22,21:07,73,-134,0,99,-83,0,6,0,0
1997-04-01,21:07,83,-122,0,99,-82,16,18,0,16
1997-04-11,21:07,83,-114,0,99,-82,28,19,18,10
1997-04-21,21:07,78,-108,0,98,-82,0,6,0,0
1997-05-01,21:07,84,-112,0,98,-81,0,3,0,0
1997-05-11,21:07,93,-106,1,98,-81,18,18,18,0
1997-05-21,21:07,105,-103,1,97,-80,50,19,43,7
1997-05-31,21:07,100,-90,0,97,-80,20,3,11,9
1997-06-10,21:07,110,-79,1,97,-79,8,18,8,0
1997-06-20,21:07,106,-71,1,97,-78,8,19,0,8
1997-06-30,21:07,105,-65,0,96,-78,0,3,0,0
1997-07-10,21:07,101,-54,0,96,-77,13,6,13,0
1997-07-20,21:07,115,-51,1,96,-76,8,19,0,8
1997-07-30,21:07,128,-44,0,96,-75,0,3,0,0
1997-08-09,21:07,119,-55,1,95,-74,31,18,17,14
1997-09-08,21:07,128,-47,0,95,-71,64,6,27,37
1997-09-18,21:07,120,-42,0,95,-70,25,3,17,8
1997-09-28,21:07,111,-42,0,95,-69,16,19,0,16
1997-10-08,21:07,117,-34,0,95,-68,14,3,14,0
1997-10-18,21:07,122,-27,0,95,-67,31,3,31,0
1997-10-28,21:07,112,-25,0,95,-66,27,19,15,12
1997-11-07,21:07,102,-17,0,95,-64,30,19,14,16
1997-11-27,21:07,98,-77,1,95,-62,23,18,23,0
1997-12-07,21:07,103,-64,2,95,-61,41,6,41,0
1998-01-06,21:07,82,-69,2,95,-57,17,6,9,9
1998-01-16,21:07,63,-77,2,95,-56,55,3,16,39
1998-01-26,21:07,63,-77,1,95,-55,71,6,33,38
1998-02-05,21:07,63,-80,0,95,-54,20,19,11,9
1998-02-15,21:07,48,-91,2,95,-53,61,3,18,43
1998-02-25,21:07,50,-95,2,95,-53,55,19,31,24
1998-03-07,21:07,41,-81,2,95,-52,48,18,9,39
1998-03-27,21:07,48,-67,1,95,-50,68,6,11,57
1998-04-06,21:07,54,-65,0,95,-50,64,6,0,64
1998-04-26,21:07,74,-62,0,94,-49,10,18,0,10
1998-05-06,21:07,96,-83,1,94,-48,66,19,36,30
1998-05-16,21:07,101,-77,0,94,-48,70,6,22,48
1998-05-26,21:07,119,-72,1,93,-48,36,3,28,8
1998-06-05,21:07,102,-50,1,93,-48,66,18,31,35
1998-06-15,21:07,114,-43,1,93,-47,48,3,20,28
1998-06-25,21:07,101,-34,2,92,-47,67,19,41,26
1998-07-15,21:07,108,-15,2,91,-47,52,3,9,43
1998-08-04,21:07,116,-25,0,90,-46,59,18,47,12
1998-08-14,21:07,119,-36,1,89,-46,62,6,44,18
1998-08-24,21:07,120,-28,1,89,-46,77,19,60,17
1998-09-03,21:07,127,-22,2,88,-46,97,6,47,50
1998-09-23,21:07,135,-4,3,86,-45,139,3,66,73
1998-10-03,21:07,126,-2,0,86,-45,21,6,12,9
1998-10-13,21:07,121,1,1,85,-44,50,3,33,17
1998-10-23,21:07,110,-3,1,84,-44,50,19,24,26
1998-11-02,21:07,95,-5,2,83,-43,45,6,45,0
1998-11-12,21:07,74,-1,1,82,-43,72,3,34,38
1998-12-12,21:07,69,-30,0,78,-41,96,18,23,73
1998-12-22,21:07,51,-47,0,77,-40,26,3,26,0
1999-01-21,21:07,39,-90,2,72,-37,137,6,89,48
1999-01-31,21:07,55,-83,2,71,-36,34,6,34,0
1999-02-20,21:07,59,-74,2,67,-34,88,19,57,31
1999-03-02,21:07,24,-77,3,65,-32,93,19,57,36
1999-03-12,21:07,16,-89,0,64,-31,89,18,46,43
1999-04-01,21:07,19,-74,2,60,-29,41,19,24,17
1999-04-21,21:07,39,-61,0,56,-26,50,3,20,30
1999-05-01,21:07,38,-55,1,54,-25,61,3,51,10
1999-05-31,21:07,70,-22,3,48,-21,113,6,69,44
1999-06-10,21:07,72,1,2,46,-20,138,18,97,41
1999-06-20,21:07,78,-1,2,44,-18,77,19,67,10
1999-06-30,21:07,77,9,1,42,-17,168,6,70,98
1999-07-20,21:07,61,27,3,38,-14,105,19,97,8
1999-07-30,21:07,59,34,3,36,-13,202,6,88,114
1999-08-09,21:07,71,45,4,35,-11,65,18,17,48
1999-08-19,21:07,76,49,1,33,-10,35,19,28,7
1999-09-08,21:07,70,36,2,30,-7,68,18,39,29
1999-10-08,21:07,16,24,2,25,-3,139,6,92,47
1999-10-28,21:07,11,-1,3,23,-0,123,18,55,68
1999-11-27,21:07,-18,3,1,19,4,98,18,20,78
1999-12-07,21:07,4,4,1,18,5,78,6,70,8
1999-12-17,21:07,2,-4,2,17,6,109,19,28,81
1999-12-27,21:07,10,0,0,16,7,60,18,52,8
2000-01-06,21:07,-6,-13,2,15,8,97,3,69,28
2000-01-16,21:07,16,1,3,14,9,187,6,54,133
2000-01-26,21:07,-5,20,4,13,10,78,18,41,37
2000-02-05,21:07,-2,-1,3,12,11,123,3,71,52
2000-02-15,21:07,-26,-5,4,11,11,117,6,18,99
2000-02-25,21:07,-38,-34,2,10,12,149,3,82,67
2000-03-06,21:07,-46,-43,2,9,13,137,6,18,119
2000-04-15,21:07,-13,-33,2,5,14,93,18,39,54
2000-04-25,21:07,-24,-27,1,3,15,153,19,78,75
2000-06-04,21:07,12,12,2,-2,15,89,18,57,32
2000-06-14,21:07,16,12,3,-4,15,185,3,132,53
2000-07-04,21:07,12,40,1,-7,15,99,18,45,54
2000-07-14,21:07,22,46,3,-9,14,162,19,111,51
2000-07-24,21:07,22,41,2,-11,14,158,18,83,75
2000-08-03,21:07,31,45,1,-13,14,99,3,42,57
2000-08-13,21:07,25,33,4,-15,14,172,3,110,62
2000-08-23,21:07,24,40,2,-17,13,59,18,29,30
2000-09-02,21:07,23,43,2,-19,13,99,18,70,29
2000-09-12,21:07,37,66,1,-21,13,18,3,7,11
2000-09-22,21:07,28,74,0,-23,13,106,18,54,52
2000-10-02,21:07,10,62,4,-25,12,161,3,51,110
2000-10-22,21:07,-6,49,1,-30,12,82,3,59,23
2000-11-11,21:07,-30,53,2,-34,12,87,3,32,55
2000-12-01,21:07,-35,24,1,-39,11,119,3,65,54
2000-12-11,21:07,-34,-14,1,-41,11,65,19,56,9
2000-12-31,21:07,-49,-18,0,-45,12,86,19,23,63
2001-01-10,21:07,-76,-17,5,-47,12,115,18,98,17
2001-01-20,21:07,-75,-34,3,-49,12,56,19,15,41
2001-02-19,21:07,-103,-14,5,-53,13,77,18,25,52
2001-03-01,21:07,-78,-20,4,-55,14,62,3,27,35
2001-03-11,21:07,-82,-20,4,-56,14,103,18,35,68
2001-04-10,21:07,-100,-27,2,-58,17,121,19,25,96
2001-04-30,21:07,-86,-15,3,-59,19,132,3,104,28
2001-05-10,21:07,-76,-1,2,-59,20,51,3,16,35
2001-05-20,21:07,-73,2,2,-59,22,82,19,43,39
2001-05-30,21:07,-69,22,3,-59,23,69,19,52,17
2001-06-09,21:07,-57,16,2,-59,24,176,3,110,66
2001-06-19,21:07,-44,15,1,-58,26,150,19,117,33
2001-07-09,21:07,-28,34,1,-57,30,64,19,18,46
2001-07-29,21:07,-28,80,2,-55,33,37,18,14,23
2001-08-08,21:07,-21,84,2,-54,35,112,19,56,56
2001-08-18,21:07,-7,54,3,-53,37,125,2,63,62
2001-08-28,21:07,-24,75,1,-51,38,150,2,52,98
2001-09-27,21:07,-59,69,1,-48,44,190,19,110,80
2001-10-07,21:07,-54,64,4,-46,45,113,3,17,96
2001-10-17,21:07,-53,76,3,-45,47,154,2,110,44
2001-10-27,21:07,-60,69,0,-44,48,137,18,85,52
2001-11-16,21:07,-48,50,1,-42,50,77,18,46,31
2001-11-26,21:07,-38,26,2,-41,51,93,19,44,49
2001-12-06,21:07,-14,24,2,-40,52,167,3,75,92
2001-12-16,21:07,-13,41,0,-39,53,124,2,60,64
2002-01-05,21:07,-8,73,2,-38,54,104,18,31,73
2002-01-25,21:07,-17,76,4,-37,55,114,3,66,48
2002-02-04,21:07,-30,57,1,-37,54,142,18,54,88
2002-02-24,21:07,-35,50,3,-37,54,97,18,32,65
2002-03-06,21:07,-34,53,4,-37,53,110,3,51,59
2002-03-16,21:07,-35,39,1,-37,53,83,18,15,68
2002-03-26,21:07,-46,37,1,-38,52,99,3,53,46
2002-04-05,21:07,-61,29,0,-38,51,165,2,128,37
2002-04-25,21:07,-40,62,2,-40,49,141,3,65,76
2002-05-05,21:07,-41,44,3,-40,48,182,2,64,118
2002-05-15,21:07,-34,33,2,-41,47,63,18,15,48
2002-06-04,21:07,-36,37,1,-43,45,144,2,54,90
2002-06-14,21:07,-49,40,3,-43,43,65,19,28,37
2002-06-24,21:07,-40,47,1,-44,42,66,3,20,46
2002-07-04,21:07,-42,70,0,-45,41,82,19,0,82
2002-07-14,21:07,-32,76,2,-46,40,78,18,55,23
2002-07-24,21:07,-49,77,1,-47,39,149,3,40,109
2002-08-03,21:07,-56,54,1,-48,38,108,18,25,83
2002-08-13,21:07,-63,32,0,-49,37,132,3,67,65
2002-08-23,21:07,-73,25,3,-50,36,113,19,8,105
2002-09-02,21:07,-73,16,1,-51,35,155,19,76,79
2002-09-12,21:07,-75,17,1,-51,34,127,2,66,61
2002-10-02,21:07,-71,5,1,-53,33,78,19,49,29
2002-10-22,21:07,-58,12,1,-55,32,71,2,42,29
2002-11-01,21:07,-59,15,0,-55,31,122,19,101,21
2002-11-11,21:07,-48,28,3,-56,31,137,3,24,113
2002-12-01,21:07,-51,6,0,-57,31,72,19,29,43
2002-12-11,21:07,-63,23,2,-58,31,51,18,8,43
2003-01-20,21:07,-53,44,1,-60,33,76,2,48,28
2003-01-30,21:07,-65,49,0,-60,34,49,18,11,38
2003-02-19,21:07,-53,47,0,-61,35,42,3,42,0
2003-03-01,21:07,-40,52,0,-61,36,50,2,11,39
2003-03-11,21:07,-20,51,2,-62,37,76,3,38,38
2003-03-21,21:07,-19,51,0,-62,38,15,18,0,15
2003-03-31,21:07,-7,46,1,-62,40,107,3,51,56
2003-04-20,21:07,-76,34,2,-62,42,52,3,34,18
2003-04-30,21:07,-55,54,1,-62,44,122,3,28,94
2003-05-10,21:07,-54,51,0,-62,45,16,3,16,0
2003-05-30,21:07,-58,54,0,-62,48,35,18,7,28
2003-06-09,21:07,-53,56,2,-62,50,120,3,85,35
2003-06-19,21:07,-54,41,1,-62,51,75,2,21,54
2003-07-09,21:07,-69,46,1,-61,55,93,1,47,46
2003-07-19,21:07,-74,51,1,-61,56,126,18,70,56
2003-08-08,21:07,-88,52,1,-61,59,71,3,15,56
2003-08-18,21:07,-79,54,2,-60,61,65,2,11,54
2003-08-28,21:07,-75,55,1,-60,62,100,2,73,27
2003-09-07,21:07,-81,47,1,-60,64,43,1,0,43
2003-09-17,21:07,-89,51,0,-60,65,58,2,32,26
2003-09-27,21:07,-86,52,1,-59,66,108,1,57,51
2003-10-17,21:07,-78,53,0,-59,68,29,2,10,19
2003-10-27,21:07,-76,54,1,-59,69,138,1,64,74
2003-11-06,21:07,-78,58,0,-58,70,7,2,0,7
2003-11-16,21:07,-86,56,3,-58,71,39,18,39,0
2003-12-06,21:07,-68,71,1,-58,72,50,1,8,42
2003-12-16,21:07,-52,85,0,-57,72,26,18,13,13
2003-12-26,21:07,-48,96,1,-57,73,52,3,38,14
2004-01-05,21:07,-54,89,0,-57,73,35,1,0,35
2004-01-15,21:07,-40,94,0,-57,73,25,18,12,13
2004-02-14,21:07,-16,85,0,-57,73,39,2,21,18
2004-03-05,21:07,-7,99,0,-57,72,30,18,0,30
2004-03-15,21:07,-10,99,0,-57,72,31,1,13,18
2004-04-04,21:07,-25,95,1,-56,70,72,1,23,49
2004-05-14,21:07,-48,82,0,-56,68,49,2,10,39
2004-05-24,21:07,-53,82,1,-56,67,74,3,9,65
2004-06-23,21:07,-81,53,0,-56,65,53,2,9,44
2004-07-03,21:07,-83,55,0,-57,64,21,2,12,9
2004-07-13,21:07,-81,45,2,-57,63,96,3,40,56
2004-07-23,21:07,-80,37,0,-57,62,106,1,78,28
2004-08-02,21:07,-84,24,0,-56,61,28,18,12,16
2004-08-12,21:07,-80,23,1,-56,61,84,3,16,68
2004-08-22,21:07,-73,23,0,-56,60,66,2,47,19
2004-09-11,21:07,-84,25,0,-56,58,42,18,17,25
2004-09-21,21:07,-85,32,0,-56,58,30,1,8,22
2004-10-01,21:07,-76,35,0,-56,57,14,18,0,14
2004-10-21,21:07,-70,35,0,-56,56,72,2,16,56
2004-11-20,21:07,-58,40,1,-56,55,41,1,18,23
2004-12-10,21:07,-55,61,1,-55,54,19,3,19,0
2004-12-20,21:07,-67,66,0,-55,54,13,1,0,13
2004-12-30,21:07,-58,75,0,-55,54,13,18,13,0
2005-01-09,21:07,-38,96,0,-54,53,20,3,0,20
2005-02-08,21:07,-38,66,0,-53,53,31,1,13,18
2005-02-18,21:07,-47,80,0,-53,53,31,2,0,31
2005-02-28,21:07,-10,75,0,-53,53,0,3,0,0
2005-03-10,21:07,-14,84,0,-52,53,39,18,14,25
2005-05-19,21:07,-42,66,0,-49,55,15,3,15,0
2005-05-29,21:07,-54,56,1,-49,55,52,1,16,36
2005-06-08,21:07,-63,48,0,-48,56,50,18,12,38
2005-06-18,21:07,-65,40,0,-48,56,33,1,0,33
2005-06-28,21:07,-64,47,0,-47,56,7,2,7,0
2005-07-18,21:07,-73,50,0,-47,57,0,18,0,0
2005-07-28,21:07,-76,43,0,-47,57,9,18,9,0
2005-08-07,21:07,-64,37,1,-46,58,51,1,24,27
2005-08-17,21:07,-72,33,1,-46,58,22,3,0,22
2005-08-27,21:07,-61,26,0,-46,58,56,2,46,10
2005-09-06,21:07,-60,32,0,-46,58,8,18,0,8
2005-09-16,21:07,-49,35,0,-46,58,35,1,0,35
2005-09-26,21:07,-64,30,2,-47,58,22,18,14,8
2005-10-16,21:07,-60,39,0,-47,58,7,1,7,0
2005-10-26,21:07,-63,53,0,-47,58,0,18,0,0
2005-11-05,21:07,-53,39,0,-48,58,11,3,0,11
2005-11-15,21:07,-63,44,0,-48,58,20,1,0,20
2005-11-25,21:07,-60,60,0,-49,58,22,2,0,22
2005-12-05,21:07,-51,70,0,-49,58,54,3,8,46
2005-12-15,21:07,-48,73,0,-50,58,34,18,12,22
2005-12-25,21:07,-21,63,0,-50,58,41,3,24,17
2006-01-14,21:07,-25,103,0,-52,57,0,2,0,0
2006-01-24,21:07,-50,117,1,-52,57,30,1,0,30
2006-02-03,21:07,-60,93,0,-53,57,0,1,0,0
2006-02-13,21:07,-43,74,1,-53,57,8,2,0,8
2006-03-15,21:07,-19,62,1,-55,56,14,18,0,14
2006-03-25,21:07,-17,56,1,-56,56,8,3,0,8
2006-04-04,21:07,-38,65,1,-56,56,57,1,0,57
2006-04-14,21:07,-53,55,1,-57,56,43,2,0,43
2006-04-24,21:07,-46,61,0,-58,56,10,3,0,10
2006-06-13,21:07,-56,50,1,-60,57,20,2,0,20
2006-06-23,21:07,-76,51,0,-60,57,0,1,0,0
2006-07-03,21:07,-81,53,0,-61,57,18,2,7,11
2006-07-13,21:07,-83,48,0,-61,57,6,2,0,6
2006-07-23,21:07,-84,46,0,-62,57,10,3,10,0
2006-08-22,21:07,-88,36,0,-62,58,10,18,0,10
2006-09-01,21:07,-90,34,0,-63,58,19,2,0,19
2006-09-11,21:07,-89,35,1,-63,58,29,3,0,29
2006-09-21,21:07,-86,28,0,-63,58,7,1,0,7
2006-10-01,21:07,-85,30,0,-63,58,24,3,0,24
2006-10-11,21:07,-85,41,0,-63,58,0,2,0,0
2006-10-21,21:07,-79,43,0,-64,58,11,1,0,11
2006-10-31,21:07,-74,41,1,-64,58,25,2,0,25
2006-11-10,21:07,-67,40,0,-64,58,8,2,0,8
2006-11-30,21:07,-65,55,1,-64,58,40,2,15,25
2006-12-20,21:07,-56,64,0,-64,58,0,1,0,0
2006-12-30,21:07,-59,75,0,-64,58,7,2,0,7
2007-01-09,21:07,-50,76,0,-64,58,29,1,0,29
2007-01-29,21:07,-34,77,0,-64,58,20,18,0,20
2007-02-08,21:07,-30,83,0,-63,58,7,18,0,7
2007-02-18,21:07,-31,82,0,-63,57,12,3,0,12
2007-02-28,21:07,-30,89,0,-63,57,8,2,0,8
2007-03-10,21:07,-40,91,0,-63,57,0,1,0,0
2007-04-09,21:07,-38,78,0,-62,56,0,18,0,0
2007-04-19,21:07,-40,70,0,-62,56,0,2,0,0
2007-04-29,21:07,-47,70,1,-61,56,23,1,0,23
2007-05-09,21:07,-54,69,0,-61,56,11,18,0,11
2007-05-19,21:07,-59,64,1,-60,55,22,2,14,8
2007-05-29,21:07,-62,65,0,-60,55,0,1,0,0
2007-06-08,21:07,-62,60,0,-60,55,35,2,0,35
2007-06-18,21:07,-64,51,0,-59,54,0,18,0,0
2007-06-28,21:07,-66,47,0,-59,54,9,3,0,9
2007-07-08,21:07,-73,42,0,-59,54,8,2,0,8
2007-07-18,21:07,-77,44,0,-58,54,9,3,0,9
2007-07-28,21:07,-83,36,0,-58,53,8,18,0,8
2007-08-07,21:07,-83,31,0,-58,53,9,1,0,9
2007-08-17,21:07,-85,25,0,-58,53,0,2,0,0
2007-08-27,21:07,-81,24,0,-57,52,8,2,0,8
2007-09-16,21:07,-80,25,0,-57,52,0,18,0,0
2007-10-16,21:07,-71,23,0,-56,51,0,1,0,0
2007-11-05,21:07,-62,31,0,-56,51,0,3,0,0
2007-11-15,21:07,-64,35,0,-56,51,0,1,0,0
2007-11-25,21:07,-63,35,1,-56,50,8,3,8,0
2007-12-05,21:07,-57,44,1,-56,50,9,2,0,9
2007-12-15,21:07,-52,52,0,-56,50,24,3,0,24
2007-12-25,21:07,-42,63,0,-56,50,0,2,0,0
2008-01-04,21:07,-38,62,1,-56,50,16,3,8,8
2008-01-14,21:07,-36,62,0,-56,51,0,1,0,0
2008-01-24,21:07,-31,60,0,-56,51,0,2,0,0
2008-02-13,21:07,-29,72,0,-56,51,0,1,0,0
2008-02-23,21:07,-28,76,0,-56,51,0,2,0,0
2008-03-14,21:07,-30,78,0,-56,52,0,2,0,0
2008-04-03,21:07,-37,81,0,-56,52,11,2,0,11
2008-04-23,21:07,-40,72,0,-55,53,9,2,9,0
2008-05-03,21:07,-41,67,0,-55,53,0,3,0,0
2008-05-13,21:07,-46,67,1,-55,54,8,3,8,0
2008-05-23,21:07,-49,65,0,-55,54,0,3,0,0
2008-06-02,21:07,-65,58,0,-55,55,0,1,0,0
2008-06-22,21:07,-65,51,1,-55,55,7,18,0,7
2008-07-02,21:07,-65,47,0,-54,56,0,2,0,0
2008-07-12,21:07,-73,44,0,-54,56,0,18,0,0
2008-07-22,21:07,-76,44,0,-54,56,0,2,0,0
2008-08-01,21:07,-79,45,0,-54,56,0,1,0,0
2008-08-11,21:07,-81,45,0,-54,57,0,2,0,0
2008-08-21,21:07,-75,42,1,-53,57,8,3,8,0
2008-08-31,21:07,-67,37,0,-53,57,0,1,0,0
2008-09-10,21:07,-71,30,0,-53,57,0,18,0,0
2008-09-20,21:07,-75,28,0,-53,57,0,3,0,0
2008-09-30,21:07,-75,31,2,-53,57,14,1,7,7
2008-10-10,21:07,-72,33,0,-52,57,0,1,0,0
2008-10-20,21:07,-76,34,0,-52,57,0,2,0,0
2008-10-30,21:07,-78,34,0,-52,57,0,2,0,0
2008-11-09,21:07,-68,42,0,-52,57,0,18,0,0
2008-11-19,21:07,-54,44,0,-52,57,0,2,0,0
2008-11-29,21:07,-54,48,0,-51,57,0,1,0,0
2008-12-09,21:07,-50,48,0,-51,56,0,18,0,0
2008-12-19,21:07,-50,68,0,-51,56,0,18,0,0
2008-12-29,21:07,-41,75,0,-51,56,0,2,0,0
2009-01-08,21:07,-34,76,0,-50,56,0,18,0,0
2009-01-18,21:07,-28,74,0,-50,56,0,3,0,0
2009-02-07,21:07,-24,71,0,-49,55,0,2,0,0
2009-02-17,21:07,-24,73,0,-49,55,0,18,0,0
2009-02-27,21:07,-22,79,0,-49,55,0,20,0,0
2009-03-09,21:07,-16,80,0,-49,54,0,1,0,0
2009-03-19,21:07,-23,82,0,-48,54,0,2,0,0
2009-04-08,21:07,-32,81,0,-48,54,0,2,0,0
2009-04-18,21:07,-31,79,0,-47,54,0,2,0,0
2009-05-08,21:07,-36,60,0,-47,53,0,3,0,0
2009-05-18,21:07,-37,55,1,-47,53,9,2,9,0
2009-05-28,21:07,-38,56,0,-46,53,0,20,0,0
2009-06-07,21:07,-47,52,0,-46,53,0,20,0,0
2009-06-17,21:07,-55,45,1,-46,53,8,3,0,8
2009-06-27,21:07,-52,39,0,-46,53,0,20,0,0
2009-07-17,21:07,-59,39,0,-45,53,0,3,0,0
2009-07-27,21:07,-65,35,0,-45,53,0,20,0,0
2009-08-06,21:07,-65,30,0,-45,52,0,1,0,0
2009-08-16,21:07,-65,29,0,-45,52,0,3,0,0
2009-08-26,21:07,-69,28,0,-45,52,0,2,0,0
2009-09-05,21:07,-70,29,0,-45,52,0,1,0,0
2009-09-15,21:07,-64,24,0,-45,52,0,20,0,0
2009-09-25,21:07,-69,27,0,-45,52,19,2,12,7
2009-10-05,21:07,-73,24,0,-45,52,0,1,0,0
2009-10-15,21:07,-71,35,0,-45,52,0,3,0,0
2009-10-25,21:07,-59,37,0,-45,52,15,20,15,0
2009-11-04,21:07,-53,41,0,-45,51,0,1,0,0
2009-11-14,21:07,-51,39,0,-45,51,0,3,0,0
2009-11-24,21:07,-49,41,0,-45,51,0,20,0,0
2010-01-03,21:07,-18,60,0,-46,50,12,2,0,12
2010-01-13,21:07,-29,63,0,-45,50,29,3,29,0
2010-01-23,21:07,-32,64,0,-45,50,28,1,12,16
2010-02-02,21:07,-23,87,0,-45,50,9,2,9,0
2010-02-22,21:07,-19,91,0,-45,49,11,1,0,11
2010-03-14,21:07,-22,69,0,-44,49,29,20,29,0
2010-03-24,21:07,-25,68,0,-44,48,9,2,9,0
2010-04-03,21:07,-32,73,0,-44,48,20,20,8,12
2010-04-23,21:07,-31,63,0,-43,47,0,2,0,0
2010-05-23,21:07,-41,55,0,-41,46,14,2,0,14
2010-06-12,21:07,-44,47,1,-40,46,32,1,16,16
2010-06-22,21:07,-51,39,0,-39,45,10,2,10,0
2010-07-02,21:07,-49,39,0,-38,45,7,3,0,7
2010-07-12,21:07,-52,35,1,-37,45,25,1,19,6
2010-07-22,21:07,-51,32,1,-36,44,30,20,8,22
2010-08-01,21:07,-58,28,1,-36,44,18,3,18,0
2010-08-11,21:07,-58,25,0,-35,44,44,1,37,7
2010-08-21,21:07,-54,20,0,-34,43,0,1,0,0
2010-08-31,21:07,-53,15,0,-33,43,19,20,19,0
2010-09-10,21:07,-53,13,0,-32,42,0,2,0,0
2010-09-20,21:07,-52,18,0,-31,42,18,20,0,18
2010-09-30,21:07,-51,20,0,-30,41,29,2,29,0
2010-10-10,21:07,-54,22,0,-29,41,9,1,0,9
2010-10-20,21:07,-57,22,0,-29,41,25,20,17,8
2010-10-30,21:07,-51,18,0,-28,40,18,1,18,0
2010-12-09,21:07,-14,51,0,-25,39,19,5,19,0
2010-12-19,21:07,-5,50,0,-24,39,0,1,0,0
2010-12-29,21:07,-4,49,1,-23,39,19,3,11,8
2011-01-08,21:07,8,41,0,-22,38,19,2,9,10
2011-01-18,21:07,1,46,0,-22,38,28,3,19,9
2011-01-28,21:07,12,52,0,-21,38,20,5,10,10
2011-02-07,21:07,9,58,1,-20,38,17,1,10,7
2011-02-27,21:07,3,63,2,-19,38,26,5,20,7
2011-03-09,21:07,7,69,0,-19,38,82,1,71,11
2011-03-29,21:07,-6,45,1,-18,38,93,5,38,55
2011-04-08,21:07,-4,47,0,-17,39,64,2,43,21
2011-04-18,21:07,-0,51,0,-17,39,60,3,60,0
2011-05-08,21:07,1,49,2,-16,39,43,1,43,0
2011-05-18,21:07,-4,47,0,-16,40,30,3,8,23
2011-06-07,21:07,-23,45,1,-15,40,41,2,25,16
2011-06-27,21:07,-20,33,0,-15,41,10,1,10,0
2011-07-07,21:07,-25,30,1,-15,42,35,3,28,8
2011-07-17,21:07,-28,29,1,-14,42,67,5,41,26
2011-07-27,21:07,-27,30,0,-14,42,40,1,40,0
2011-08-06,21:07,-34,28,1,-14,43,64,5,48,16
2011-08-16,21:07,-38,31,0,-14,43,18,3,11,7
2011-08-26,21:07,-35,29,2,-14,43,73,2,65,8
2011-09-05,21:07,-31,24,2,-14,43,73,1,53,20
2011-09-25,21:07,-37,24,2,-14,44,101,44,89,12
2011-10-05,21:07,-32,27,1,-13,44,59,1,39,20
2011-10-15,21:07,-29,24,2,-13,44,118,3,75,43
2011-10-25,21:07,-29,26,1,-13,44,80,1,71,9
2011-11-04,21:07,-30,33,0,-13,44,73,3,50,23
2011-11-14,21:07,-26,36,2,-12,44,140,5,103,37
2011-11-24,21:07,-16,38,1,-12,44,97,1,77,20
2011-12-14,21:07,-5,45,1,-11,44,55,5,36,19
2012-01-13,21:07,-7,50,0,-10,43,51,5,41,10
2012-01-23,21:07,2,56,1,-10,43,84,1,76,8
2012-02-02,21:07,2,66,0,-9,42,79,44,57,22
2012-02-22,21:07,8,55,1,-8,42,33,1,33,0
2012-03-03,21:07,17,53,1,-7,41,39,2,30,9
2012-03-13,21:07,8,60,0,-6,41,60,2,51,9
2012-03-23,21:07,8,71,3,-6,41,64,3,32,32
2012-04-02,21:07,11,68,2,-5,40,85,44,40,45
2012-04-12,21:07,8,61,3,-4,40,45,2,20,25
2012-05-02,21:07,8,51,3,-3,38,91,5,19,72
2012-05-12,21:07,6,47,1,-2,38,78,2,62,16
2012-05-22,21:07,1,50,1,-1,37,61,44,61,0
2012-06-01,21:07,-5,42,0,-1,37,86,5,30,56
2012-06-11,21:07,-2,36,2,0,36,95,1,44,51
2012-06-21,21:07,-2,33,0,1,35,8,44,0,8
2012-07-01,21:07,-4,26,0,1,35,95,3,45,50
2012-07-11,21:07,-5,23,1,2,34,94,5,8,86
2012-07-31,21:07,-9,16,1,4,32,99,1,24,75
2012-08-10,21:07,-15,11,1,4,31,98,5,29,69
2012-08-20,21:07,-6,10,2,5,31,57,1,34,23
2012-08-30,21:07,-7,8,4,5,30,89,5,63,26
2012-09-09,21:07,-5,8,0,6,29,60,44,19,41
2012-09-29,21:07,-1,9,0,7,27,49,2,29,20
2012-10-09,21:07,1,8,3,7,26,49,5,21,28
2012-10-19,21:07,1,3,3,8,25,77,2,51,26
2012-10-29,21:07,5,1,1,8,24,59,1,19,40
2012-11-08,21:07,12,2,1,9,23,53,5,28,25
2012-11-18,21:07,15,1,3,9,22,103,5,87,16
2012-12-18,21:07,16,25,0,10,19,42,2,17,25
2012-12-28,21:07,10,30,2,10,18,43,5,33,10
2013-01-07,21:07,16,31,1,11,17,112,3,82,30
2013-01-27,21:07,18,33,0,11,15,57,5,42,15
2013-02-16,21:07,20,38,1,12,14,25,5,16,9
2013-03-08,21:07,16,30,1,12,12,52,2,26,26
2013-03-28,21:07,9,25,2,12,10,43,3,18,25
2013-04-17,21:07,11,28,1,12,8,80,1,9,71
2013-04-27,21:07,14,22,2,12,7,91,3,52,39
2013-05-07,21:07,13,16,0,12,6,78,2,36,42
2013-05-27,21:07,14,-3,0,12,4,44,4,12,32
2013-06-06,21:07,16,-7,0,12,4,46,1,32,14
2013-06-16,21:07,15,-13,1,12,3,68,2,9,59
2013-06-26,21:07,2,-8,2,11,2,43,3,16,27
2013-07-06,21:07,4,-21,0,11,1,117,3,9,108
2013-07-16,21:07,9,-18,2,11,0,51,5,30,21
2013-07-26,21:07,10,-14,0,10,-1,43,2,14,29
2013-08-05,21:07,10,-10,2,10,-1,61,1,22,39
2013-08-15,21:07,11,-14,3,10,-2,122,5,16,106
2013-09-04,21:07,14,-14,0,9,-4,60,3,25,35
2013-09-14,21:07,10,-10,0,8,-4,8,1,0,8
2013-09-24,21:07,10,-9,2,8,-5,53,5,32,21
2013-10-14,21:07,13,-13,1,6,-6,108,3,38,70
2013-11-13,21:07,10,-10,3,5,-8,107,5,19,88
2013-12-03,21:07,5,-15,4,3,-9,95,1,23,72
2013-12-13,21:07,3,-15,1,3,-10,109,4,54,55
2013-12-23,21:07,2,-12,2,2,-10,103,3,8,95
2014-01-02,21:07,-3,-12,0,2,-11,91,2,20,71
2014-01-12,21:07,-10,-9,2,1,-11,98,4,35,63
2014-01-22,21:07,-10,-6,2,1,-11,129,5,39,90
2014-02-21,21:07,1,-6,2,-1,-13,113,3,10,103
2014-03-03,21:07,-3,-2,2,-1,-13,142,3,54,88
2014-03-13,21:07,-8,-5,3,-1,-14,86,2,36,50
2014-04-02,21:07,-4,-7,1,-2,-15,63,1,30,33
2014-04-12,21:07,-4,-5,1,-2,-15,61,4,42,19
2014-04-22,21:07,-3,-10,1,-2,-16,89,2,18,71
2014-05-02,21:07,-3,-11,0,-2,-16,96,3,7,89
2014-05-12,21:07,-2,-15,1,-2,-17,102,2,45,57
2014-05-22,21:07,0,-14,1,-2,-18,48,1,0,48
2014-06-01,21:07,-1,-20,1,-2,-18,49,4,9,40
2014-06-11,21:07,-0,-20,0,-2,-19,135,5,50,85
2014-06-21,21:07,-6,-20,0,-2,-20,67,1,16,51
2014-07-01,21:07,-6,-21,3,-1,-21,104,2,62,42
2014-07-11,21:07,-2,-20,1,-1,-22,123,5,42,81
2014-07-21,21:07,0,-21,0,-1,-23,13,4,0,13
2014-08-10,21:07,6,-21,0,-1,-25,48,3,24,24
2014-08-20,21:07,9,-26,0,-0,-26,73,5,50,23
2014-08-30,21:07,5,-24,2,0,-27,61,1,14,47
2014-09-09,21:07,3,-30,1,1,-28,143,3,53,90
2014-09-19,21:07,6,-36,0,1,-29,56,5,26,30
2014-09-29,21:07,2,-40,0,1,-31,118,4,54,64
2014-10-09,21:07,1,-37,0,2,-32,45,2,0,45
2014-10-19,21:07,-1,-34,0,2,-33,74,3,14,60
2014-10-29,21:07,5,-34,1,3,-35,69,5,9,60
2014-11-28,21:07,6,-45,0,4,-39,101,5,51,50
2014-12-08,21:07,0,-44,5,5,-41,81,4,25,56
2014-12-18,21:07,-6,-40,0,5,-42,135,2,31,104
2015-01-07,21:07,1,-43,3,6,-45,84,5,25,59
2015-01-27,21:07,18,-41,0,7,-48,97,2,35,62
2015-02-16,21:07,8,-48,1,8,-51,39,4,23,16
2015-02-26,21:07,8,-50,2,9,-53,25,1,18,7
2015-03-08,21:07,15,-51,0,9,-54,20,2,0,20
2015-03-18,21:07,26,-50,0,10,-56,28,5,19,9
2015-03-28,21:07,23,-54,1,10,-57,50,1,33,17
2015-04-07,21:07,15,-56,0,10,-59,36,2,13,23
2015-04-17,21:07,11,-59,3,11,-60,95,5,73,22
2015-04-27,21:07,13,-63,2,11,-61,45,4,17,28
2015-05-07,21:07,16,-66,1,12,-63,90,2,37,53
2015-05-17,21:07,15,-71,1,12,-64,57,5,25,32
2015-05-27,21:07,12,-81,2,13,-66,46,3,15,31
2015-06-06,21:07,6,-76,0,13,-67,66,1,43,23
2015-06-26,21:07,5,-74,0,14,-70,17,4,17,0
2015-07-06,21:07,10,-76,0,14,-71,67,2,38,29
2015-07-16,21:07,12,-75,0,15,-72,32,1,24,8
2015-07-26,21:07,13,-71,0,15,-73,29,3,0,29
2015-08-05,21:07,12,-67,0,15,-75,63,1,34,29
2015-08-15,21:07,13,-64,0,16,-76,28,3,12,16
2015-08-25,21:07,17,-64,1,16,-77,37,2,7,30
2015-09-04,21:07,19,-68,1,17,-77,27,1,18,9
2015-10-04,21:07,22,-71,0,18,-80,13,1,13,0
2015-10-24,21:07,26,-69,0,19,-81,49,2,25,24
2015-11-03,21:07,26,-67,1,20,-81,54,1,54,0
2015-11-13,21:07,26,-75,1,20,-82,37,2,27,10
2015-11-23,21:07,22,-74,1,21,-82,47,4,47,0
2015-12-03,21:07,20,-84,2,21,-82,30,3,23,7
2015-12-13,21:07,18,-89,2,22,-82,61,4,25,36
2015-12-23,21:07,21,-92,1,22,-82,40,2,18,23
2016-01-02,21:07,19,-82,0,23,-82,37,3,11,26
2016-01-12,21:07,25,-86,1,23,-82,41,4,30,11
2016-01-22,21:07,21,-84,0,24,-82,49,1,20,29
2016-02-01,21:07,22,-94,0,24,-81,40,3,25,15
2016-02-11,21:07,16,-91,2,25,-81,89,2,76,13
2016-02-21,21:07,19,-94,0,25,-81,51,4,51,0
2016-03-02,21:07,15,-94,0,26,-80,52,1,36,16
2016-03-12,21:07,21,-92,1,26,-80,51,2,51,0
2016-03-22,21:07,26,-94,0,27,-80,13,1,13,0
2016-04-01,21:07,28,-93,0,27,-79,11,3,0,11
2016-04-11,21:07,29,-98,0,28,-79,42,2,42,0
2016-04-21,21:07,30,-101,0,28,-78,25,4,14,11
2016-05-11,21:07,36,-96,0,29,-77,64,3,31,33
2016-05-21,21:07,28,-85,0,30,-77,15,1,0,15
2016-05-31,21:07,31,-82,0,30,-76,30,2,30,0
2016-06-10,21:07,32,-78,0,31,-75,28,1,18,10
2016-06-30,21:07,33,-65,0,31,-74,0,4,0,0
2016-07-10,21:07,36,-65,0,32,-74,44,1,29,15
2016-07-20,21:07,41,-60,0,32,-74,52,2,52,0
2016-07-30,21:07,37,-55,0,33,-73,12,4,12,0
2016-08-09,21:07,35,-50,0,33,-73,65,1,55,10
2016-08-19,21:07,37,-44,1,34,-72,52,1,42,10
2016-08-29,21:07,43,-46,0,34,-72,58,4,45,13
2016-09-08,21:07,42,-42,0,35,-72,49,4,49,0
2016-09-18,21:07,42,-38,3,35,-71,35,2,35,0
2016-09-28,21:07,39,-41,1,36,-71,28,1,9,19
2016-10-28,21:07,35,-45,1,38,-70,38,3,38,0
2016-11-07,21:07,39,-48,1,38,-70,11,4,11,0
2016-11-17,21:07,43,-50,1,39,-70,28,1,28,0
2016-11-27,21:07,40,-61,0,40,-70,30,3,30,0
2016-12-07,21:07,30,-71,0,40,-70,18,4,0,18
2016-12-17,21:07,32,-80,0,41,-70,11,1,11,0
2016-12-27,21:07,36,-79,1,42,-70,27,2,27,0
2017-01-06,21:07,45,-95,0,42,-70,0,3,0,0
2017-01-16,21:07,37,-103,0,43,-69,25,1,25,0
2017-02-05,21:07,32,-96,1,45,-69,11,3,11,0
2017-02-15,21:07,35,-94,0,45,-69,19,4,19,0
2017-02-25,21:07,37,-100,1,46,-69,33,4,21,12
2017-03-07,21:07,40,-105,0,47,-69,0,3,0,0
2017-03-17,21:07,46,-100,0,47,-69,0,2,0,0
2017-03-27,21:07,44,-95,1,48,-70,41,2,31,10
2017-04-06,21:07,48,-90,0,49,-70,34,3,0,34
2017-04-16,21:07,41,-86,0,49,-70,0,2,0,0
2017-05-06,21:07,38,-81,0,50,-70,26,4,26,0
2017-05-16,21:07,43,-77,0,51,-70,22,3,22,0
2017-05-26,21:07,49,-71,0,51,-70,22,2,22,0
2017-06-05,21:07,50,-66,0,52,-70,32,3,32,0
2017-06-15,21:07,55,-63,0,52,-71,33,1,33,0
2017-06-25,21:07,60,-61,0,53,-71,14,4,14,0
2017-07-05,21:07,63,-57,0,53,-71,0,2,0,0
2017-07-15,21:07,61,-57,1,53,-71,36,4,13,23
2017-07-25,21:07,55,-58,0,54,-71,0,3,0,0
2017-08-04,21:07,72,-44,0,54,-71,10,1,0,10
2017-08-14,21:07,71,-47,0,54,-71,10,4,10,0
2017-08-24,21:07,73,-44,0,55,-72,39,2,39,0
2017-09-03,21:07,71,-44,0,55,-72,101,1,47,54
2017-09-13,21:07,67,-41,1,55,-72,23,4,13,10
2017-09-23,21:07,68,-47,0,56,-72,11,1,0,11
2017-10-13,21:07,73,-56,0,56,-72,0,2,0,0
2017-10-23,21:07,71,-55,0,56,-72,26,3,13,13
2017-11-02,21:07,69,-56,0,57,-72,0,4,0,0
2017-11-12,21:07,65,-53,0,57,-72,0,2,0,0
2017-11-22,21:07,58,-74,0,57,-72,0,3,0,0
2017-12-02,21:07,54,-72,0,57,-71,0,1,0,0
2017-12-22,21:07,50,-69,0,58,-71,29,3,29,0
2018-01-21,21:07,36,-88,0,58,-71,0,3,0,0
2018-01-31,21:07,36,-97,1,59,-70,11,4,0,11
2018-03-12,21:07,36,-93,0,60,-69,0,3,0,0
2018-03-22,21:07,38,-94,0,60,-69,0,4,0,0
2018-04-01,21:07,44,-86,0,60,-69,0,2,0,0
2018-04-11,21:07,48,-90,0,60,-68,0,2,0,0
2018-04-21,21:07,51,-80,0,60,-68,14,4,14,0
2018-05-01,21:07,56,-84,0,61,-68,0,2,0,0
2018-05-11,21:07,58,-80,0,61,-67,10,1,10,0
2018-05-21,21:07,62,-79,1,61,-67,9,2,9,0
2018-05-31,21:07,60,-70,0,61,-67,21,3,21,0
2018-06-10,21:07,68,-67,0,61,-66,0,3,0,0
2018-06-20,21:07,71,-68,0,62,-66,45,4,45,0
2018-06-30,21:07,70,-60,0,62,-66,0,2,0,0
2018-07-10,21:07,73,-53,0,62,-65,0,1,0,0
2018-07-20,21:07,79,-45,0,62,-65,0,2,0,0
2018-07-30,21:07,79,-44,0,62,-65,0,3,0,0
2018-08-09,21:07,78,-41,0,63,-64,0,1,0,0
2018-08-19,21:07,84,-38,2,63,-64,20,2,0,20
2018-08-29,21:07,88,-38,0,63,-63,0,3,0,0
2018-09-08,21:07,86,-37,0,63,-63,12,4,12,0
2018-09-18,21:07,81,-34,0,64,-63,0,2,0,0
2018-09-28,21:07,79,-34,0,64,-62,0,3,0,0
2018-10-08,21:07,77,-40,0,64,-62,0,2,0,0
2018-10-18,21:07,70,-42,0,65,-61,0,1,0,0
2018-11-07,21:07,75,-40,0,65,-60,0,2,0,0
2018-11-17,21:07,82,-45,0,66,-60,19,3,19,0
2018-12-07,21:07,58,-58,0,67,-59,16,4,0,16
2018-12-17,21:07,61,-63,0,67,-59,0,1,0,0
2018-12-27,21:07,57,-66,0,67,-59,0,2,0,0
2019-01-06,21:07,59,-66,0,68,-58,0,4,0,0
2019-01-16,21:07,48,-78,0,68,-58,0,2,0,0
2019-01-26,21:07,46,-85,0,69,-58,24,2,24,0
2019-02-05,21:07,46,-87,0,69,-58,0,4,0,0
2019-02-15,21:07,45,-82,0,70,-57,0,3,0,0
2019-02-25,21:07,43,-88,0,70,-57,0,2,0,0
2019-03-07,21:07,47,-76,0,70,-57,16,3,16,0
2019-03-17,21:07,46,-75,0,71,-57,0,1,0,0
2019-03-27,21:07,50,-78,0,71,-57,0,2,0,0
2019-04-16,21:07,59,-72,0,72,-56,11,1,11,0
2019-04-26,21:07,60,-69,0,72,-56,0,4,0,0
2019-05-06,21:07,64,-66,0,73,-56,13,1,13,0
2019-05-26,21:07,73,-58,0,73,-56,0,4,0,0
2019-06-05,21:07,75,-57,0,73,-56,0,2,0,0
2019-06-15,21:07,77,-57,0,74,-55,0,2,0,0
2019-06-25,21:07,83,-48,1,74,-55,10,4,10,0
2019-07-05,21:07,84,-49,0,74,-55,0,3,0,0
2019-07-15,21:07,84,-48,0,74,-55,0,4,0,0
2019-07-25,21:07,86,-46,0,74,-55,0,1,0,0
2019-08-04,21:07,90,-38,0,74,-55,0,2,0,0
2019-08-24,21:07,94,-34,0,74,-55,0,1,0,0
2019-09-03,21:07,102,-34,0,74,-55,0,3,0,0
2019-09-13,21:07,104,-35,0,74,-55,0,4,0,0
2019-10-03,21:07,98,-38,0,73,-55,0,3,0,0
2019-10-13,21:07,97,-36,0,73,-55,0,4,0,0
2019-10-23,21:07,94,-42,0,73,-55,0,2,0,0
2019-11-22,21:07,73,-46,0,71,-55,0,1,0,0
2019-12-12,21:07,62,-60,0,70,-55,0,1,0,0
2020-01-01,21:07,54,-53,1,69,-55,12,2,0,12
2020-02-10,21:07,45,-77,0,66,-56,0,3,0,0
2020-02-20,21:07,43,-76,0,65,-56,0,4,0,0
2020-03-11,21:07,35,-76,0,64,-57,0,1,0,0
2020-03-21,21:07,42,-69,0,63,-58,0,4,0,0
2020-03-31,21:07,48,-61,1,62,-58,12,1,12,0
2020-04-10,21:07,51,-65,0,61,-58,0,4,0,0
2020-04-30,21:07,51,-63,2,59,-59,22,3,10,12
2020-05-10,21:07,53,-59,0,58,-60,0,1,0,0
2020-05-20,21:07,54,-60,0,57,-61,0,2,0,0
2020-05-30,21:07,64,-57,0,55,-61,0,3,0,0

